{
	"miniprogramRoot": "miniprogram/",
	"cloudfunctionRoot": "cloudfunctions/",
	"setting": {
		"urlCheck": true,
		"es6": true,
		"postcss": true,
		"minified": true,
		"newFeature": true,
		"nodeModules": true,
		"autoAudits": false,
		"checkInvalidKey": true
	},
	"appid": "wx1ccf4bb11b8323e1",
	"projectname": "ZUCCLazyBone",
	"libVersion": "2.2.5",
	"simulatorType": "wechat",
	"simulatorPluginLibVersion": {},
	"cloudfunctionTemplateRoot": "cloudfunctionTemplate",
	"condition": {
		"search": {
			"current": -1,
			"list": []
		},
		"conversation": {
			"current": -1,
			"list": []
		},
		"plugin": {
			"current": -1,
			"list": []
		},
		"game": {
			"list": []
		},
		"miniprogram": {
			"current": 8,
			"list": [
				{
					"id": -1,
					"name": "db guide",
					"pathName": "pages/databaseGuide/databaseGuide",
					"query": ""
				},
				{
					"id": -1,
					"name": "代拿",
					"pathName": "pages/order/order",
					"query": "",
					"scene": null
				},
				{
					"id": 2,
					"name": "已下单",
					"pathName": "pages/myOrder/myOrder",
					"query": "",
					"scene": null
				},
				{
					"id": -1,
					"name": "帮忙",
					"pathName": "pages/help/help",
					"query": "",
					"scene": null
				},
				{
					"id": -1,
					"name": "我",
					"pathName": "pages/my/my",
					"query": "",
					"scene": null
				},
				{
					"id": -1,
					"name": "我的评价",
					"pathName": "pages/reputation/reputation",
					"query": "",
					"scene": null
				},
				{
					"id": -1,
					"name": "主页",
					"pathName": "pages/index/index",
					"query": "",
					"scene": null
				},
				{
					"id": -1,
					"name": "已接单",
					"pathName": "pages/myReceive/myReceive",
					"query": "",
					"scene": null
				},
				{
					"id": -1,
					"name": "个人信息",
					"pathName": "pages/myInfo/myInfo",
					"query": "",
					"scene": null
				}
			]
		}
	}
}